Source,Target
PrasadSatya10,ians_india
PrasadSatya10,Twitter
PrasadSatya10,Indrani1_Roy
PrasadSatya10,EkNashwar
PrasadSatya10,rushlane
PrasadSatya10,Uber_India
PrasadSatya10,Olacabs
PrasadSatya10,mmpandey
PrasadSatya10,mishra_abhi
PrasadSatya10,PMOIndia
PrasadSatya10,rajnathsingh
PrasadSatya10,PMOIndia
PrasadSatya10,DefenceMinIndia
PrasadSatya10,rushlane
PrasadSatya10,Uber_India
PrasadSatya10,Olacabs
PrasadSatya10,DivaJain2
PrasadSatya10,pratimbose
PrasadSatya10,AshwiniVaishnaw
PrasadSatya10,MamataOfficial
PrasadSatya10,NewsIADN
PrasadSatya10,hvtiaf
PrasadSatya10,varinder_bansal
PrasadSatya10,anusharavi10
PrasadSatya10,hvtiaf
PrasadSatya10,nanuramu
PrasadSatya10,jyotishiralee
PrasadSatya10,Firezstarter1
PrasadSatya10,India_Progress
PrasadSatya10,svaradarajan
PrasadSatya10,thewire_in
PrasadSatya10,HariRam42245512
PrasadSatya10,hamsanandi
PrasadSatya10,maidros78
PrasadSatya10,zoo_bear
PrasadSatya10,niravstoons
PrasadSatya10,alpha_defense
PrasadSatya10,raflanker
PrasadSatya10,Tej_Intel
PrasadSatya10,elmihiro
PrasadSatya10,FrontlinerUV
PrasadSatya10,kela_khayga
PrasadSatya10,Tej_Intel
PrasadSatya10,Indian_Index
PrasadSatya10,BefittingFacts
PrasadSatya10,BJP4Bengal
PrasadSatya10,vjgtweets
PrasadSatya10,Ramandeep_Bajwa
PrasadSatya10,adgpi
PrasadSatya10,rwac48
PrasadSatya10,colhunnybakshi
PrasadSatya10,NarenMenon1
PrasadSatya10,RailwaySeva
PrasadSatya10,GargaC
PrasadSatya10,AshwiniVaishnaw
PrasadSatya10,RailMinIndia
PrasadSatya10,DivaJain2
PrasadSatya10,sbabones
PrasadSatya10,Vikramaditya_85
PrasadSatya10,elmihiro
PrasadSatya10,hirentrivedi88
PrasadSatya10,lca_tejas_
PrasadSatya10,lca_tejas_
PrasadSatya10,jai_menon
PrasadSatya10,PrabhuChawla
PrasadSatya10,covidshield
PrasadSatya10,covaxinIN
PrasadSatya10,mansukhmandviya
PrasadSatya10,PMOIndia
PrasadSatya10,ians_india
PrasadSatya10,Jairam_Ramesh
Nishwins1,thyagarajan_law
Nishwins1,memorable_90s
Nishwins1,AbhinandhanMiG2
Nishwins1,DennisCricket_
Nishwins1,Hiraviews
Nishwins1,majorgauravarya
Nishwins1,jawharsircar
Nishwins1,AkashKo09607594
Nishwins1,DennisCricket_
Nishwins1,iqra_designes
Nishwins1,DennisCricket_
Nishwins1,DennisCricket_
Nishwins1,WilliamRyanPubs
Nishwins1,RoflGandhi_
Nishwins1,ashwinravi99
Nishwins1,sixgmnvr
Nishwins1,Zebi232
Nishwins1,ReallySwara
Nishwins1,JamshedJeem
Nishwins1,Zebi232
Nishwins1,sixgmnvr
Nishwins1,Zebi232
Nishwins1,Zebi232
Nishwins1,VishalDadlani
Nishwins1,Arsal467
Nishwins1,DennisCricket_
Nishwins1,BharatiyaSpeaks
Nishwins1,minicnair
citizenNA,kelvmackenzie
citizenNA,MsCaitSpencer
citizenNA,cjwerleman
citizenNA,reema_omer
citizenNA,geonews_english
citizenNA,reema_omer
citizenNA,goddersbloom
citizenNA,PeterMcC66
citizenNA,CoopParty
citizenNA,HenMazzig
citizenNA,blakeflayton
citizenNA,LadyVelvet_HFQ
citizenNA,lukeakehurst
citizenNA,_LFI
citizenNA,MeravMichaeli
citizenNA,Keir_Starmer
citizenNA,DavidLammy
citizenNA,HavodaParty
citizenNA,UKLabour
citizenNA,HavodaParty
citizenNA,UKLabour
citizenNA,lukeakehurst
citizenNA,MahyarTousi
tellitaly,Itishree001
tellitaly,YogaofKnowledge
tellitaly,mailkashyap2002
tellitaly,Kalvapalle
tellitaly,shukla_tarun
tellitaly,IndiGo6E
tellitaly,TurkishAirlines
tellitaly,jeffrey3333333
tellitaly,natureisbruta1
tellitaly,waqasnsp
tellitaly,trinitycosmo293
tellitaly,hemalpandya1983
tellitaly,Anandi_NR
tellitaly,AmyMek
tellitaly,waqasnsp
tellitaly,trinitycosmo293
tellitaly,hemalpandya1983
tellitaly,Anandi_NR
tellitaly,AmyMek
tellitaly,waqasnsp
tellitaly,trinitycosmo293
tellitaly,hemalpandya1983
tellitaly,Anandi_NR
tellitaly,AmyMek
tellitaly,waqasnsp
tellitaly,trinitycosmo293
tellitaly,hemalpandya1983
tellitaly,Anandi_NR
tellitaly,AmyMek
tellitaly,Sat_vick
tellitaly,Art0fLife_
tellitaly,thakkar_sameet
tellitaly,ashajadeja325
tellitaly,Megatron9091
tellitaly,Yashraajsharrma
tellitaly,Nitzeit
tellitaly,waqasnsp
tellitaly,hemalpandya1983
tellitaly,Anandi_NR
tellitaly,AmyMek
tellitaly,waqasnsp
tellitaly,hemalpandya1983
tellitaly,Anandi_NR
tellitaly,AmyMek
tellitaly,hemalpandya1983
tellitaly,Anandi_NR
tellitaly,AmyMek
tellitaly,hemalpandya1983
tellitaly,Anandi_NR
tellitaly,AmyMek
tellitaly,SolsSanctuary
tellitaly,gkmastrology
tellitaly,niSHAntH1508
tellitaly,dipti_dha
tellitaly,narendramodi
tellitaly,niSHAntH1508
tellitaly,dipti_dha
tellitaly,narendramodi
tellitaly,dipti_dha
tellitaly,narendramodi
tellitaly,Akolk11
tellitaly,AntiWoke___
tellitaly,BesuraTaansane
tellitaly,tanvig11
tellitaly,foxylilithbabe
tellitaly,foxylilithbabe
tellitaly,tanvig11
tellitaly,RDrDes75
tellitaly,Ooffenseman
tellitaly,Baystatebroker
tellitaly,volodarik
tellitaly,themkmaker
tellitaly,uunchaithemovie
tellitaly,Yashraajsharrma
tellitaly,barkhatrehan16
tellitaly,ahorl_Eteena
tellitaly,TansuYegen
tellitaly,ShimlaHelpline
tellitaly,Sweet_HoneygaI
tellitaly,Anandi_sanatani
tellitaly,Sweet_HoneygaI
tellitaly,tweetsbyzyl
tellitaly,sametoolz
tellitaly,followlasg
tellitaly,lasglandsbureau
tellitaly,jidesanwoolu
tellitaly,DreamlikeMelody
tellitaly,Hindumarathe
tellitaly,incognito0701
tellitaly,Sweet_HoneygaI
tellitaly,mariawirth1
tellitaly,Sweet_HoneygaI
tellitaly,Supriya23bh
tellitaly,Sweet_HoneygaI
dschamyal,abhivalimbe
dschamyal,TOIIndiaNews
dschamyal,adgpi
dschamyal,kamaalrkhan
dschamyal,krishnaeyee
dschamyal,LuciferVaaz
dschamyal,mickeymilind
dschamyal,aaagyaani
dschamyal,ANI
dschamyal,OmarAbdullah
dschamyal,JKNC_
dschamyal,ANI
dschamyal,OmarAbdullah
dschamyal,JKNC_
dschamyal,SubbaRaoTN
dschamyal,BJP4India
dschamyal,BJP4India
dschamyal,SubbaRaoTN
dschamyal,BJP4India
dschamyal,BJP4India
dschamyal,DoctorAjayita
dschamyal,renukash
dschamyal,rockyluchha
dschamyal,isay_nobita
dschamyal,rockyluchha
dschamyal,isay_nobita
dschamyal,DoctorAjayita
dschamyal,josepolanco10
dschamyal,col_malhan
dschamyal,AnasMallick
dschamyal,BBhuttoZardari
dschamyal,baat_aur_jzbaat
VickyHanumant,ICICIBank_Care
VickyHanumant,AJEnglish
VickyHanumant,sagarikaghose
VickyHanumant,AbhishBanerj
VickyHanumant,MnshaP
VickyHanumant,newslaundry
VickyHanumant,MnshaP
VickyHanumant,newslaundry
VickyHanumant,MnshaP
VickyHanumant,effucktivehumor
VickyHanumant,RahulGandhi
VickyHanumant,AamAadmiParty
VickyHanumant,ArvindKejriwal
VickyHanumant,AtishiAAP
VickyHanumant,shrawan_ku
VickyHanumant,Being_Humor
VickyHanumant,OLXAutosIndia
VickyHanumant,OLX_India
VickyHanumant,Niva_Bupa
VickyHanumant,DelhiPolice
VickyHanumant,AamAadmiParty
VickyHanumant,PMOIndia
VickyHanumant,narendramodi
VickyHanumant,msisodia
VickyHanumant,ArvindKejriwal
VickyHanumant,DelhiPolice
VickyHanumant,AamAadmiParty
VickyHanumant,PMOIndia
VickyHanumant,narendramodi
VickyHanumant,msisodia
VickyHanumant,ArvindKejriwal
VickyHanumant,Rameshbhimtal
VickyHanumant,bollywood_life
VickyHanumant,HeroMotoCorp
VickyHanumant,bollywood_life
VickyHanumant,HeroMotoCorp
VickyHanumant,alviinaalametsa
VickyHanumant,sagarikaghose
VickyHanumant,TeestaSetalvad
VickyHanumant,saritatiwariuk
tarunsharma005,raani_purohit
tarunsharma005,afzal_congress
tarunsharma005,WasiuddinSiddi1
tarunsharma005,SRKUniverse
tarunsharma005,SRKFC_PUNE
tarunsharma005,iamsrk
tarunsharma005,deepikapadukone
tarunsharma005,PragyaLive
tarunsharma005,iamsrk
tarunsharma005,deepikapadukone
tarunsharma005,vivekagnihotri
tarunsharma005,ms_medusssa
tarunsharma005,maryada_maurya
tarunsharma005,mlkhattar
tarunsharma005,PMOIndia
tarunsharma005,narendramodi
tarunsharma005,mlkhattar
tarunsharma005,narendramodi
tarunsharma005,mlkhattar
tarunsharma005,PMOIndia
tarunsharma005,mlkhattar
tarunsharma005,manojsinha_
tarunsharma005,mlkhattar
tarunsharma005,mlkhattar
tarunsharma005,mlkhattar
tarunsharma005,mlkhattar
tarunsharma005,mlkhattar
tarunsharma005,isro
tarunsharma005,hemant_up
tarunsharma005,REAL___HINDUTV
tarunsharma005,BJP4Haryana
tarunsharma005,mlkhattar
tarunsharma005,mlkhattar
tarunsharma005,Drsubhassarkar
tarunsharma005,VlKASPR0NAM0
tarunsharma005,SupriyaShrinate
tarunsharma005,IBakshi_IND
tarunsharma005,myogiadityanath
tarunsharma005,_Payalrohatgi
tarunsharma005,epanchjanya
tarunsharma005,INavneetF
tarunsharma005,mlkhattar
tarunsharma005,pushkardhami
tarunsharma005,Kiran_Saran77
tarunsharma005,SeharShinwari
tarunsharma005,brand_amendra
tarunsharma005,epanchjanya
tarunsharma005,narendramodi
tarunsharma005,PMOIndia
tarunsharma005,payal_trustable
tarunsharma005,mlkhattar
tarunsharma005,PMOIndia
tarunsharma005,narendramodi
tarunsharma005,bptp_pf1
tarunsharma005,vijaydixitin
tarunsharma005,AamAadmiParty
tarunsharma005,mlkhattar
tarunsharma005,rajeshnagarfbd
tarunsharma005,bptp_pf1
tarunsharma005,SupriyaShrinate
tarunsharma005,RahulGandhi
tarunsharma005,rajeshnagarfbd
tarunsharma005,mlkhattar
tarunsharma005,bptp_pf1
tarunsharma005,ZeeNews
tarunsharma005,Zeenewshindi24
tarunsharma005,ndtv
tarunsharma005,indiatvnews
tarunsharma005,IBN7
tarunsharma005,PMOIndia
tarunsharma005,narendramodi
tarunsharma005,HardeepSPuri
tarunsharma005,BJP4Haryana
tarunsharma005,BJP4India
tarunsharma005,indiatvnews
tarunsharma005,Zeenewshindi24
tarunsharma005,IBN7
tarunsharma005,bptp_pf1
tarunsharma005,indiatvnews
tarunsharma005,ZeeNewsHindl
tarunsharma005,IBN7
tarunsharma005,payal_trustable
tarunsharma005,AyushVerma1
tarunsharma005,RahulGandhi
tarunsharma005,mlkhattar
tarunsharma005,mlkhattar
tarunsharma005,cmohry
tarunsharma005,rajeshnagarfbd
tarunsharma005,bptp_pf1
tarunsharma005,BptpParkFloor2
tarunsharma005,bptplimited
tarunsharma005,mlkhattar
tarunsharma005,cmohry
tarunsharma005,rajeshnagarfbd
tarunsharma005,HardeepSPuri
tarunsharma005,PMOIndia
tarunsharma005,narendramodi
tarunsharma005,mlkhattar
tarunsharma005,rajeshnagarfbd
tarunsharma005,bptplimited
tarunsharma005,bptp_pf1
tarunsharma005,BptpParkFloor2
tarunsharma005,SupriyaShrinate
tarunsharma005,RahulGandhi
tarunsharma005,HardeepSPuri
tarunsharma005,cmohry
tarunsharma005,mlkhattar
tarunsharma005,rajeshnagarfbd
tarunsharma005,cmohry
tarunsharma005,BJP4Haryana
tarunsharma005,mlkhattar
tarunsharma005,rajeshnagarfbd
tarunsharma005,narendramodi
tarunsharma005,JPNadda
tarunsharma005,BJP4India
tarunsharma005,BJP4Haryana
tarunsharma005,bptp_pf1
tarunsharma005,BptpParkFloor2
tarunsharma005,IAjitDoval_IND
dcemeterygirl,hvgoenka
dcemeterygirl,TajinderBagga
dcemeterygirl,RupinderSra
dcemeterygirl,timesofindia
dcemeterygirl,saikirankannan
dcemeterygirl,Birdman12369022
dcemeterygirl,wtfcsk
dcemeterygirl,Nisha_NPU
dcemeterygirl,ANI
dcemeterygirl,Birdman12369022
dcemeterygirl,wtfcsk
dcemeterygirl,Nisha_NPU
dcemeterygirl,ANI
dcemeterygirl,DrSyedKausarAl2
dcemeterygirl,iihtishamm
dcemeterygirl,wtfcsk
dcemeterygirl,Nisha_NPU
dcemeterygirl,ANI
dcemeterygirl,SouthAsiaIndex
dcemeterygirl,ndtv
dcemeterygirl,iihtishamm
dcemeterygirl,abid_turabi
dcemeterygirl,majorgauravarya
dcemeterygirl,majorgauravarya
dcemeterygirl,joerwallen
dcemeterygirl,Telegraph
dcemeterygirl,Samaanlateef
dcemeterygirl,Yelegraph
dcemeterygirl,MajorPoonia
dcemeterygirl,RichaChadha
dcemeterygirl,Aadikhan555
dcemeterygirl,majorgauravarya
dcemeterygirl,ravishndtv
dcemeterygirl,ShivAroor
dcemeterygirl,ABUZARRAR9
dcemeterygirl,BasedGhauri24
dcemeterygirl,majorgauravarya
dcemeterygirl,Burn_provider
dcemeterygirl,BasedGhauri24
dcemeterygirl,majorgauravarya
dcemeterygirl,Burn_provider
tarunlalan,thehawkeyex
tarunlalan,MEAIndia
tarunlalan,IndiaembFrance
tarunlalan,anandmahindra
tarunlalan,SerumInstIndia
tarunlalan,BharatBiotech
tarunlalan,SJosephBurns
tarunlalan,AndColorPockeT
tarunlalan,goodalexander
tarunlalan,SamKhan999
tarunlalan,FayazAhmadFyzie
tarunlalan,seriousfunnyguy
tarunlalan,bennis_abdelali
tarunlalan,ashoswai
tarunlalan,scroll_in
tarunlalan,ashoswai
tarunlalan,ashoswai
tarunlalan,zainabsikander
tarunlalan,ashoswai
tarunlalan,ashoswai
tarunlalan,Profdilipmandal
tarunlalan,AamAadmiParty
tarunlalan,BhagwantMann
tarunlalan,drshamamohd
tarunlalan,cartoonistrrs
tarunlalan,vivekagnihotri
tarunlalan,AnupamPKher
tarunlalan,EstherSolomon
tarunlalan,bainjal
tarunlalan,haaretzcom
tarunlalan,rohini_sgh
tarunlalan,akshaykumar
tarunlalan,drshamamohd
tarunlalan,rohini_sgh
tarunlalan,rohini_sgh
tarunlalan,rohini_sgh
tarunlalan,OfficialSauravD
tarunlalan,mehdirhasan
tarunlalan,MehdiHasanShow
tarunlalan,PeterSweden7
tarunlalan,MadhavSingh_93
tarunlalan,RahulGandhi
tarunlalan,ashoswai
tarunlalan,drshamamohd
tarunlalan,Borrochina9819
tarunlalan,Siddharthgiri_J
tarunlalan,abhiirajput11
tarunlalan,GAUAHAR_KHAN
tarunlalan,TimesNow
tarunlalan,ShrutiNanda17
tarunlalan,TimesNow
tarunlalan,ShrutiNanda17
tarunlalan,TimesNow
tarunlalan,ShrutiNanda17
tarunlalan,khanumarfa
tarunlalan,khanumarfa
tarunlalan,svaradarajan
tarunlalan,khanumarfa
tarunlalan,svaradarajan
tarunlalan,PChidambaram_IN
tarunlalan,khanumarfa
tarunlalan,SaralPatel
Arjun_S_R,MarioNawfal
Arjun_S_R,AsmaZehradr
Arjun_S_R,Cobratate
Arjun_S_R,GretaThunberg
Arjun_S_R,Chaos2Cured
Arjun_S_R,MattWallace888
Arjun_S_R,GretaThunberg
Arjun_S_R,DimartinDi
Arjun_S_R,David_Challen
Arjun_S_R,rulajebreal
Arjun_S_R,AmyMek
Arjun_S_R,ShekharGupta
Arjun_S_R,HateDetectors
Arjun_S_R,Apsterashtra
Arjun_S_R,ShivAroor
Arjun_S_R,PhilkLocke
Arjun_S_R,NdeM
Arjun_S_R,DVATW
Arjun_S_R,NdeM
Arjun_S_R,DVATW
Arjun_S_R,amibeingcynical
Arjun_S_R,HateDetectors
Arjun_S_R,veerappavenkap1
Arjun_S_R,NyayPrayaas
Arjun_S_R,ARanganathan72
Arjun_S_R,SmritiIraniOffc
Arjun_S_R,sophielouisecc
Arjun_S_R,L666RGY
Arjun_S_R,zahacktanvir
Arjun_S_R,drshamamohd
Arjun_S_R,RahulGandhi
Arjun_S_R,ShivAroor
Arjun_S_R,minicnair
Arjun_S_R,DrEricDing
Arjun_S_R,VeengasJ
Arjun_S_R,SudheerPadiyar
Arjun_S_R,siddarthpaim
Arjun_S_R,kris_sg
Arjun_S_R,dpradhanbjp
Arjun_S_R,Rajeev_GoI
Arjun_S_R,AshwiniSahaya
Arjun_S_R,elonmusk
Arjun_S_R,Twitter
Arjun_S_R,Policy
Arjun_S_R,narendramodi
Arjun_S_R,MIB_India
Arjun_S_R,ianuragthakur
Arjun_S_R,AshwiniVaishnaw
Arjun_S_R,HMOIndia
Arjun_S_R,shalabhmani
Arjun_S_R,sudhirchaudhary
Arjun_S_R,elonmusk
Arjun_S_R,ArnazHathiram
Arjun_S_R,rishibagree
Arjun_S_R,drshamamohd
Arjun_S_R,KhaledBeydoun
Arjun_S_R,BlrCityPolice
Arjun_S_R,sampigehallips
Arjun_S_R,DCPNEBCP
Arjun_S_R,Karthik_Patri
Arjun_S_R,Karthik_Patri
Arjun_S_R,ShivAroor
Arjun_S_R,AmyMek
Arjun_S_R,ShefVaidya
Arjun_S_R,UnSubtleDesi
Arjun_S_R,KhaledBeydoun
Arjun_S_R,manuvichar
Arjun_S_R,KhaledBeydoun
Arjun_S_R,Morocco_UN
Arjun_S_R,KhaledBeydoun
Arjun_S_R,ReallySwara
Arjun_S_R,muneebAB
Arjun_S_R,Tariqhossen1
Arjun_S_R,KhaledBeydoun
Arjun_S_R,sbabones
Arjun_S_R,PreityUpala
Arjun_S_R,minicnair
Arjun_S_R,bongtimes
Arjun_S_R,minicnair
Arjun_S_R,minicnair
Arjun_S_R,svaradarajan
Arjun_S_R,rishibagree
Arjun_S_R,NyayPrayaas
Arjun_S_R,NCWIndia
Arjun_S_R,DCWDelhi
Arjun_S_R,ShashiTharoor
Arjun_S_R,NyayPrayaas
Arjun_S_R,NCWIndia
Arjun_S_R,DCWDelhi
Arjun_S_R,KirenRijiju
Arjun_S_R,SaneMind9
Arjun_S_R,KhaledBeydoun
Arjun_S_R,ashoswai
Arjun_S_R,sbabones
Arjun_S_R,JeetaJagtaMurda
Arjun_S_R,majorgauravarya
Arjun_S_R,Mubashir4muneer
Arjun_S_R,majorgauravarya
Arjun_S_R,dranees2001
Arjun_S_R,PanickarS
Arjun_S_R,AJEnglish
Arjun_S_R,dhruv_rathee
Arjun_S_R,WasiqUK
Arjun_S_R,ashoswai
Arjun_S_R,ashoswai
Arjun_S_R,Muzamil83542640
Arjun_S_R,ashoswai
Arjun_S_R,KhaledBeydoun
Arjun_S_R,ReallySwara
Arjun_S_R,shaikhshameela
Arjun_S_R,Israel
Arjun_S_R,danielocarmon
Arjun_S_R,ianuragthakur
Arjun_S_R,IndiaHistorypic
Arjun_S_R,NaorGilon
Arjun_S_R,RoopaliSriv
Arjun_S_R,afsheenkhan594
Arjun_S_R,NeerajY06598806
Arjun_S_R,KhaledBeydoun
Arjun_S_R,BarakRavid
Arjun_S_R,NaorGilon
Arjun_S_R,EmmanuelNahshon
Arjun_S_R,ianuragthakur
Arjun_S_R,KobbiShoshani
Arjun_S_R,AdityaRajKaul
Arjun_S_R,IsraelinIndia
Arjun_S_R,NetflixIndia
Arjun_S_R,khanthefatima
Arjun_S_R,PanickarS
Arjun_S_R,riyasdyfi
Arjun_S_R,pinarayivijayan
Arjun_S_R,minicnair
Arjun_S_R,ajitdatta
Arjun_S_R,orgasamist
Arjun_S_R,PanickarS
Arjun_S_R,Sakt_launda1
Arjun_S_R,ArnazHathiram
Arjun_S_R,IAmSudhirMishra
Arjun_S_R,barandbench
Arjun_S_R,SeharShinwari
Arjun_S_R,jyotiTpandey05
Arjun_S_R,palkisu
Arjun_S_R,CharlotteFLit
Arjun_S_R,Baddiel
Arjun_S_R,JewishChron
Arjun_S_R,jihadwatchRS
Arjun_S_R,PanickarS
Arjun_S_R,StutiNMishra
Arjun_S_R,dr_vee95
Arjun_S_R,Ambar_SIFF_MRA
Arjun_S_R,Voice_For_India
Arjun_S_R,drthomasisaac
Arjun_S_R,concern13161846
Arjun_S_R,btppubliceye
Arjun_S_R,blrcitytraffic
Arjun_S_R,nitin_gadkari
Arjun_S_R,Ambar_SIFF_MRA
Arjun_S_R,Shaurya_Courage
Arjun_S_R,ArnazHathiram
Arjun_S_R,AsYouNotWish
Arjun_S_R,elonmusk
Arjun_S_R,OrientNews
Arjun_S_R,KhaledBeydoun
Arjun_S_R,WasiqUK
Arjun_S_R,KhaledBeydoun
Arjun_S_R,KhaledBeydoun
Arjun_S_R,Anandi_NR
Arjun_S_R,ANI
Arjun_S_R,Rohit56794586
Arjun_S_R,afsheenkhan594
Arjun_S_R,NeerajY06598806
Arjun_S_R,KhaledBeydoun
Arjun_S_R,vijivenkatesh
Arjun_S_R,drsonasharma
Arjun_S_R,afsheenkhan594
Arjun_S_R,NeerajY06598806
Arjun_S_R,KhaledBeydoun
Arjun_S_R,wadad_abu
Arjun_S_R,BenyettouHocine
Arjun_S_R,KhaledBeydoun
Arjun_S_R,athardesi
Arjun_S_R,IndiaToday
Arjun_S_R,DeekshaNRaut
Arjun_S_R,iamkamyabuch
Arjun_S_R,iamkamyabuch
Arjun_S_R,minicnair
Arjun_S_R,abhijitmajumder
Arjun_S_R,vijivenkatesh
Arjun_S_R,DeepikaBhardwaj
Arjun_S_R,ashoswai
Arjun_S_R,mukeshmarda
Arjun_S_R,ashoswai
Arjun_S_R,zafarsareshwala
Arjun_S_R,revprince
Arjun_S_R,PanickarS
Arjun_S_R,Wanderer_M_S
Arjun_S_R,ashoswai
ShekharrG,SupriyaShrinate
ShekharrG,_sayema
ShekharrG,OpIndia_in
ShekharrG,InnovativeHindu
ShekharrG,tavleen_singh
ShekharrG,Republic_Bharat
ShekharrG,ShefVaidya
ShekharrG,RanaAyyub
ShekharrG,_sayema
ShekharrG,khanumarfa
ShekharrG,ReallySwara
ShekharrG,Javedakhtarjadu
ShekharrG,FarOutAkhtar
ShekharrG,AzmiShabana
ShekharrG,khanumarfa
ShekharrG,SupriyaShrinate
ShekharrG,IndiaPostOffice
ShekharrG,BbmpchdTeam
ShekharrG,BbmpEast
ShekharrG,Tejasvi_Surya
ShekharrG,CPMGKARNATAKA
ShekharrG,HqPostal
ShekharrG,BlrCityPolice
ShekharrG,jankibaat1
ShekharrG,Surabhi45343183
ShekharrG,withoutthemind
ShekharrG,theanupamajha
ShekharrG,MumbaiPolice
ShekharrG,Republic_Bharat
ShekharrG,republic
ShekharrG,MIB_India
ShekharrG,republic
ShekharrG,NiteshNRane
ShekharrG,sujataanandan
ShekharrG,prakashraaj
ShekharrG,tehseenp
ShekharrG,zoo_bear
ShekharrG,NasimiShabnam
ShekharrG,InnovativeHindu
ShekharrG,RanaAyyub
ShekharrG,_sayema
ShekharrG,khanumarfa
ShekharrG,AzmiShabana
ShekharrG,FarOutAkhtar
ShekharrG,Javedakhtarjadu
ShekharrG,ReallySwara
ShekharrG,BefittingFacts
ShekharrG,republic
ShekharrG,RanaAyyub
ShekharrG,sardesairajdeep
ShekharrG,sardesairajdeep
ShekharrG,iamsrk
ShekharrG,iamsrk
ShekharrG,shashank_ssj
ShekharrG,Suvampaikaray
ShekharrG,Dev_Fadnavis
ShekharrG,MeNarayanRane
ShekharrG,NiteshNRane
ShekharrG,SevadalOR
ShekharrG,BefittingFacts
ShekharrG,AmitLeliSlayer
ShekharrG,_sayema
ShekharrG,AmitLeliSlayer
ShekharrG,_sayema
ShekharrG,SheetalPronamo
ShekharrG,ANI
ShekharrG,Sherry27942450
ShekharrG,WasimAkramTyagi
ShekharrG,BabitaPhogat
ShekharrG,ishkarnBHANDARI
ShekharrG,InnovativeHindu
ShekharrG,smitadeshmukh
ShekharrG,GitaS2020
ShekharrG,ANI
ShekharrG,Dev_Fadnavis
ShekharrG,NiteshNRane
ShekharrG,MeNarayanRane
ShekharrG,shweta_shalini
ShekharrG,GitaS2020
ShekharrG,TotonJunction
ShekharrG,GitaS2020
ShekharrG,Dev_Fadnavis
ShekharrG,MeNarayanRane
ShekharrG,NiteshNRane
ShekharrG,Indian_Analyzer
ShekharrG,DSickular
ShekharrG,RheemaParashar
ShekharrG,TajinderBagga
ShekharrG,RahulGandhi
ShekharrG,khanumarfa
ShekharrG,khanumarfa
ShekharrG,AmitLeliSlayer
ShekharrG,RishiSunak
ShekharrG,Anamikaa6969
ShekharrG,_sayema
ShekharrG,RanaAyyub
ShekharrG,khanumarfa
ShekharrG,rohini_sgh
ShekharrG,AzmiShabana
Ksharkhowa,_atma
Ksharkhowa,LiveLawIndia
Ksharkhowa,_atma
Ksharkhowa,LiveLawIndia
Ksharkhowa,_atma
Ksharkhowa,LiveLawIndia
Ksharkhowa,LiveLawIndia
Ksharkhowa,grumbleagrumble
Ksharkhowa,Birthday_Chris
Ksharkhowa,IndigenousIndic
Ksharkhowa,AlinejadMasih
Ksharkhowa,Chintan6624
Ksharkhowa,grumbleagrumble
Ksharkhowa,Birthday_Chris
Ksharkhowa,IndigenousIndic
Ksharkhowa,AlinejadMasih
Ksharkhowa,Chintan6624
Ksharkhowa,bashirska
Ksharkhowa,IndigenousIndic
Ksharkhowa,AlinejadMasih
Ksharkhowa,Chintan6624
Ksharkhowa,DemocracyLight
Ksharkhowa,IndigenousIndic
Ksharkhowa,AlinejadMasih
Ksharkhowa,Chintan6624
Ksharkhowa,DemocracyLight
Ksharkhowa,IndigenousIndic
Ksharkhowa,AlinejadMasih
Ksharkhowa,Chintan6624
Ksharkhowa,bashirska
Ksharkhowa,IndigenousIndic
Ksharkhowa,AlinejadMasih
Ksharkhowa,Chintan6624
Ksharkhowa,DemocracyLight
Ksharkhowa,IndigenousIndic
Ksharkhowa,AlinejadMasih
Ksharkhowa,Chintan6624
Ksharkhowa,grumbleagrumble
Ksharkhowa,Birthday_Chris
Ksharkhowa,IndigenousIndic
Ksharkhowa,AlinejadMasih
Ksharkhowa,Chintan6624
Ksharkhowa,Birthday_Chris
Ksharkhowa,IndigenousIndic
Ksharkhowa,AlinejadMasih
Ksharkhowa,Chintan6624
Ksharkhowa,Birthday_Chris
Ksharkhowa,IndigenousIndic
Ksharkhowa,AlinejadMasih
Ksharkhowa,Chintan6624
Ksharkhowa,IndigenousIndic
Ksharkhowa,AlinejadMasih
Ksharkhowa,Chintan6624
Ksharkhowa,vssnathupur
Ksharkhowa,vssnathupur
Ksharkhowa,KanchanGupta
Ksharkhowa,SherlynChopra
Ksharkhowa,jawharsircar
Ksharkhowa,Twitter
Ksharkhowa,TwitterIndia
Ksharkhowa,kavita_krishnan
Ksharkhowa,shadab_chouhan1
Ksharkhowa,ANI
Ksharkhowa,ajitdatta
Ksharkhowa,thehawkeyex
Ksharkhowa,ajitdatta
Ksharkhowa,Nilimarl
Ksharkhowa,KrisPrinceI
Ksharkhowa,BBCWorld
Ksharkhowa,BBCWorld
Ksharkhowa,UnSubtleDesi
Ksharkhowa,Saffron_Sn
Ksharkhowa,BefittingFacts
Ksharkhowa,vssnathupur
Ksharkhowa,BharadwajAgain
Ksharkhowa,UnSubtleDesi
Ksharkhowa,himantabiswa
Ksharkhowa,apdclsocial
Ksharkhowa,omisthetics
Ksharkhowa,ShefVaidya
Ksharkhowa,sonal_mansingh
Ksharkhowa,ShefVaidya
Ksharkhowa,sonal_mansingh
Ksharkhowa,BJPBappa
Ksharkhowa,zoo_bear
Ksharkhowa,Swamy39
Ksharkhowa,OpIndia_com
Ksharkhowa,AjeetBhartii
Ksharkhowa,elonmusk
Ksharkhowa,SuhagAShukla
Ksharkhowa,pickover
Ksharkhowa,NAN_DINI_
Ksharkhowa,zoo_bear
pairamblr,zoo_bear
pairamblr,RahulGandhi
pairamblr,jogg39446862
pairamblr,NeerajS66373657
pairamblr,zoo_bear
pairamblr,zoo_bear
pairamblr,NeerajS66373657
pairamblr,zoo_bear
pairamblr,zoo_bear
pairamblr,NeerajS66373657
pairamblr,zoo_bear
pairamblr,zoo_bear
pairamblr,Benlita_Pinto
pairamblr,ishkarnBHANDARI
pairamblr,Ravi1236541
pairamblr,SiriBlr
pairamblr,amitavb1
pairamblr,nitin_gadkari
pairamblr,sardesairajdeep
pairamblr,anil_kumar200
pairamblr,Kaalateetham
pairamblr,Kaalateetham
pairamblr,LavanyaBallal
pairamblr,RahulGandhi
pairamblr,jinx_jedi
pairamblr,alpinelad
pairamblr,zoo_bear
pairamblr,BGSubhash3
pairamblr,smjalageri
pairamblr,Savitritvs
pairamblr,windowview9
pairamblr,alpinelad
pairamblr,jinx_jedi
pairamblr,jinx_jedi
pairamblr,alpinelad
pairamblr,TripathiGee
pairamblr,RahulGandhi
pairamblr,BGSubhash3
pairamblr,alpinelad
pairamblr,smjalageri
pairamblr,Savitritvs
pairamblr,Kaalateetham
pairamblr,Sassy_Hindu
pairamblr,TheJaggi
pairamblr,jinx_jedi
pairamblr,alpinelad
pairamblr,TripathiGee
pairamblr,zoo_bear
pairamblr,ShashiTharoor
pairamblr,jinx_jedi
pairamblr,alpinelad
pairamblr,TripathiGee
pairamblr,OurTemples
pairamblr,RBI
pairamblr,nsitharaman
pairamblr,PMOIndia
pairamblr,judedavid21
pairamblr,Kaalateetham
pairamblr,UlloorBabu
pairamblr,smjalageri
pairamblr,gganeshhh
pairamblr,ParthaGauraa
pairamblr,RituRathaur
pairamblr,chitrapadhi
pairamblr,kskiyer
pairamblr,smjalageri
pairamblr,pairamblr
pairamblr,BGSubhash3
pairamblr,smjalgeri
pairamblr,Swamy39
pairamblr,Dharma4X
pairamblr,GurudathShettyK
pairamblr,ashoswai
pairamblr,RahulGandhi
pairamblr,Bannyvaraprasad
pairamblr,nsitharamanoffc
pairamblr,PMOIndia
pairamblr,nsitharaman
pairamblr,AparBharat
pairamblr,pairamblr
pairamblr,alpinelad
pairamblr,TripathiGee
pairamblr,tmkrishna
pairamblr,NehaKoppula
pairamblr,zoo_bear
pairamblr,SSSIndore
pairamblr,annamalai_k
pairamblr,ilaiyaraaja
pairamblr,nsitharaman
pairamblr,RenukaJain6
pairamblr,Sanju_Verma_
pairamblr,porinju
pairamblr,MahuaMoitra
pairamblr,BGSubhash3
pairamblr,Savitritvs
pairamblr,smjalageri
pairamblr,pairamblr
pairamblr,windowview9
pairamblr,realshenoy
pairamblr,UshaNirmala
pairamblr,ksvenu247
pairamblr,Team_Dhaal
pairamblr,CestMoiz
pairamblr,Vimalaram2
pairamblr,SupremeCourtIND
pairamblr,barandbench
pairamblr,LiveLawIndia
pairamblr,curlykrazy07
pairamblr,BesuraTaansane
pairamblr,barandbench
pairamblr,LiveLawIndia
pairamblr,SupremeCourtIND
pairamblr,ashwinmahesh
pairamblr,blueberry_phase
pairamblr,alpinelad
pairamblr,AbhishBanerj
pairamblr,Kaalateetham
pairamblr,Puneethbs_Gowda
pairamblr,AkHaridas
pairamblr,ashwinmahesh
pairamblr,KSRTC_Journeys
pairamblr,ashoswai
pairamblr,Savitritvs
pairamblr,RahulGandhi
pairamblr,PawarSpeaks
pairamblr,Lakshmoji
pairamblr,seemay
pairamblr,seemay
pairamblr,KamarajCD
pairamblr,sansbarrier
pairamblr,yogivimal
pairamblr,SupriyaShrinate
pairamblr,emesar2
pairamblr,RvUpadhya
pairamblr,republic
pairamblr,Kaalateetham
pairamblr,Ashish6190
pairamblr,LiveLawIndia
pairamblr,KirenRijiju
pairamblr,RijijuOffice
pairamblr,Alauddin1809
pairamblr,LiveLawIndia
pairamblr,KirenRijiju
pairamblr,RijijuOffice
pairamblr,LiveLawIndia
pairamblr,KirenRijiju
pairamblr,RijijuOffice
pairamblr,Faller18
pairamblr,LiveLawIndia
pairamblr,BGSubhash3
pairamblr,Savitritvs
pairamblr,mahendra3
pairamblr,windowview9
pairamblr,UshaNirmala
pairamblr,ksvenu247
pairamblr,RVaijapur
pairamblr,AkHaridas
pairamblr,smjalageri
pairamblr,musicmetallix
pairamblr,SVaidhyasubrama
pairamblr,athreyashiva
pairamblr,svembu
pairamblr,south_railway
pairamblr,PiyushGoyal
pairamblr,PiyushGoyal
pairamblr,LiveLawIndia
pairamblr,padmaaa_shr
pairamblr,Pseudo_Prophet_
pairamblr,trilokchandanik
pairamblr,MLMANDOWARA
pairamblr,EkVishwa
pairamblr,LiveLawIndia
pairamblr,trilokchandanik
pairamblr,MLMANDOWARA
pairamblr,EkVishwa
pairamblr,SupremeCourtIND
pairamblr,mininair
pairamblr,Dharma4X
pairamblr,Swamilion
pairamblr,Swamy39
pairamblr,GurudathShettyK
pairamblr,Savitritvs
pairamblr,windowview9
pairamblr,mahendra3
pairamblr,gganeshhh
pairamblr,smjalageri
pairamblr,BGSubhash3
pairamblr,Stincerssd
pairamblr,smjalageri
pairamblr,Stincerssd
pairamblr,smjalageri
pairamblr,Stincerssd
pairamblr,smjalageri
pairamblr,Stincerssd
pairamblr,smjalageri
pairamblr,AnuragT28835997
pairamblr,gganeshhh
pairamblr,Lalalla84643031
pairamblr,AnuragT28835997
pairamblr,gganeshhh
pairamblr,Lalalla84643031
pairamblr,Randeep_Sisodia
pairamblr,gganeshhh
pairamblr,Lalalla84643031
pairamblr,kskiyer
pairamblr,smjalageri
pairamblr,ChetanAhimsa
pairamblr,kaundinya_91
pairamblr,gganeshhh
pairamblr,Lalalla84643031
pairamblr,Lalalla84643031
pairamblr,gganeshhh
pairamblr,Lalalla84643031
pairamblr,gganeshhh
pairamblr,Lalalla84643031
pairamblr,GauRakshaBill
pairamblr,avpai
pairamblr,gganeshhh
pairamblr,gganeshhh
pairamblr,Lalalla84643031
pairamblr,Lalalla84643031
pairamblr,gganeshhh
pairamblr,hamzamlakdawala
pairamblr,tehseenp
pairamblr,hamzamlakdawala
pairamblr,gganeshhh
pairamblr,Lalalla84643031
pairamblr,gganeshhh
pairamblr,gganeshhh
pairamblr,Lalalla84643031
pairamblr,malpani
ib4uanytime,Aryan_warlord
ib4uanytime,PressTVPrograms
ib4uanytime,Aryan_warlord
ib4uanytime,Aryan_warlord
ib4uanytime,zoo_bear
ib4uanytime,cvkrishnan
ib4uanytime,defenceglobe
ib4uanytime,Tej_Intel
ib4uanytime,daeroplate_v2
ib4uanytime,swaruprdas
ib4uanytime,HappymonJacob
ib4uanytime,9Shukladk
ib4uanytime,DevKumarB2
ib4uanytime,RajBhads90
ib4uanytime,AshTheWiz
ib4uanytime,RajBhads90
ib4uanytime,DevKumarB2
ib4uanytime,sardesairajdeep
ib4uanytime,digrajput000
ib4uanytime,HappymonJacob
ib4uanytime,HappymonJacob
ib4uanytime,Ak5985965
ib4uanytime,sikka_harinder
ib4uanytime,ShefVaidya
ib4uanytime,narendramodi
ib4uanytime,RSSorg
ib4uanytime,ChinmoyAIH
ib4uanytime,lazeezpasta
ib4uanytime,daeroplate_v2
ib4uanytime,daeroplate_v2
ib4uanytime,cvkrishnan
ib4uanytime,daeroplate_v2
